,transcription,text,label
0,девушка могу ли я открыть индивидуальный пенсионный план,девушка могу ли я открыть индивидуальный пенсионный план,1
1,а вот я хочу открыть индуальный пенсионный план,а вот я хочу открыть индуальный пенсионный план,1
2,какие коэффициенты на индивидуальном пенсионном плане,какие коэффициенты на индивидуальном пенсионном плане,1
3,как открыть индивидуальный пенсионный план,как открыть индивидуальный пенсионный план,1
4,в каком возрасте можно открыть индивидуальный пенсионный план,в каком возрасте можно открыть индивидуальный пенсионный план,1
5,это безопасно,это безопасно,0
6,можно ли открыть индивидуальный пенсионный план по доверенности,можно ли открыть индивидуальный пенсионный план по доверенности,1
7,что такое индивидуальный пенсионный план,что такое индивидуальный пенсионный план,1
8,за счет чего увеличивается накопление,за счет чего увеличивается накопление,0
9,я смогу потом закрыть пенсионный план,я смогу потом закрыть пенсионный план,1
10,ассистент как открыть индивидуальный пенсионный план,ассистент как открыть индивидуальный пенсионный план,1
11,какие планы бывают,какие планы бывают,0
12,как открыть music,как открыть ,0
13,какая нужна документация чтобы открыть индивидуальный пенсионный план,какая нужна документация чтобы открыть индивидуальный пенсионный план,1
14,каковы условия внесения средств на индивидуальный пенсионный план,каковы условия внесения средств на индивидуальный пенсионный план,1
15,здравствуйте в каком возрасте можно открыть индивидуальный пенсионный план,здравствуйте в каком возрасте можно открыть индивидуальный пенсионный план,1
16,как формируется индивидуальный пенсионный план,как формируется индивидуальный пенсионный план,1
17,как открыть индивидуальный пенсионный план,как открыть индивидуальный пенсионный план,1
18,здравствуйте подскажите пожалуйста как открыть индивидуальный пенсионный план,здравствуйте подскажите пожалуйста как открыть индивидуальный пенсионный план,1
19,как открыть индивидуальный пенсионный план,как открыть индивидуальный пенсионный план,1
20,а куда будут обращаться вот насчет индивидуального,а куда будут обращаться вот насчет индивидуального,0
21,а расскажи ка мне как открыть индивидуальный пенсионный план,а расскажи ка мне как открыть индивидуальный пенсионный план,1
22,меня интересуются индивидуальным перевальный планом помогите пожалуйста как открыть счет,меня интересуются индивидуальным перевальный планом помогите пожалуйста как открыть счет,0
23,каков порядок выплаты негосударственной пенсии,каков порядок выплаты негосударственной пенсии,0
24,что нужно для открытия индивидуального пенсионного плана,что нужно для открытия индивидуального пенсионного плана,1
25,как открыть индивидуальный пенсионный план,как открыть индивидуальный пенсионный план,1
26,девушка какие документы нужны чтобы открыть индивидуальный пенсионный план,девушка какие документы нужны чтобы открыть индивидуальный пенсионный план,1
27,можно открыть индивидуальный пенсионный план,можно открыть индивидуальный пенсионный план,1
28,алиса подскажи как мне можно открыть индивидуальный пенсионный план,алиса подскажи как мне можно открыть индивидуальный пенсионный план,1
29,как открыть ипп,как открыть индивидуальныйпенсионный план,1
30,как открыть индивидуальный пенсионный план,как открыть индивидуальный пенсионный план,1
31,сколько нужно внести денежных средств чтобы начать копить ка,сколько нужно внести денежных средств чтобы начать копить ка,0
32,как рассчитать размер будущей пенсии,как рассчитать размер будущей пенсии,0
33,где можно открыть индивидуальный пенсионный план,где можно открыть индивидуальный пенсионный план,1
34,девушка какие документы нужны нужно предоставить,девушка какие документы нужны нужно предоставить,0
35,куда обращаться при оформлении индивидуального пенсионного плана,куда обращаться при оформлении индивидуального пенсионного плана,1
36,как открыть кредит в онлайн банке,как открыть кредит в онлайн банке,0
37,расскажите как открыть индивидуальный пенсионный план,расскажите как открыть индивидуальный пенсионный план,1
38,как открыть кредит в сбербанке,как открыть кредит в сбербанке,0
39,где я могу открыть индивидуальный пенсионный план,где я могу открыть индивидуальный пенсионный план,1
40,какого возраста,какого возраста,0
41,что такое социальный налоговый вычет и как им воспользоваться,что такое социальный налоговый вычет и как им воспользоваться,0
42,какие документы мне необходимы для того чтобы открыть индивидуальный пенсионный план,какие документы мне необходимы для того чтобы открыть индивидуальный пенсионный план,1
43,как открыть ипп,как открыть индивидуальныйпенсионный план,1
44,какая прибыль с ипп,какая прибыль с индивидуальныйпенсионный план,1
45,здравствуйте подскажите пожалуйста на какой промежуток времени можно открыть индивидуальный пенсионный план,здравствуйте подскажите пожалуйста на какой промежуток времени можно открыть индивидуальный пенсионный план,1
46,расскажи мне как открыть индивидуальный пенсионный план,расскажи мне как открыть индивидуальный пенсионный план,1
47,какие документы нужны чтобы открыть индивидуальный пенсионный план,какие документы нужны чтобы открыть индивидуальный пенсионный план,1
48,могу ли я открыть индивидуальноно индивидуальный пенсионный план через интернет,могу ли я открыть индивидуальноно индивидуальный пенсионный план через интернет,1
49,что такое индивидуальный пенсионный план,что такое индивидуальный пенсионный план,1
50,возможна ли регистрация ип в нерабочий праздничный день,возможна ли регистрация ип в нерабочий праздничный день,0
51,что нужно для открытия индивидуального пенсионного плана,что нужно для открытия индивидуального пенсионного плана,1
52,ассистент ипп открыть информацию как,ассистент индивидуальныйпенсионный план открыть информацию как,1
53,день добрый какими документами можно открыть индивидуальный пенсионный план,день добрый какими документами можно открыть индивидуальный пенсионный план,1
54,какие условия чтобы открыть индивидуальный пенсионный план,какие условия чтобы открыть индивидуальный пенсионный план,1
55,будет ли застрахован индивидуальный пенсионный план на случай дефолта,будет ли застрахован индивидуальный пенсионный план на случай дефолта,1
56,алиса думаешь мне стоит открыть индивидуальный пенсионный план,алиса думаешь мне стоит открыть индивидуальный пенсионный план,1
57,ассистент как открыть ипп,ассистент как открыть индивидуальныйпенсионный план,1
58,сколько процентов уходит зарплата на индивидуальный пенсионный план,сколько процентов уходит зарплата на индивидуальный пенсионный план,1
59,где можно открыть индивидуальный пенсионный план,где можно открыть индивидуальный пенсионный план,1
60,сколько мне нужно будет внести денежных средств чтобы начать копить,сколько мне нужно будет внести денежных средств чтобы начать копить,0
61,как открыть вот этот индивидуальный пенсионный план вообще куда там какие документы,как открыть вот этот индивидуальный пенсионный план вообще куда там какие документы,1
62,где можно открывать свой индивидуальный пенсионный план,где можно открывать свой индивидуальный пенсионный план,1
63,более подробную информацию хочу узнать выгодные,более подробную информацию хочу узнать выгодные,0
64,какой минимальный взнос необходимо делать,какой минимальный взнос необходимо делать,0
65,куда обратиться чтобы открыть индивидуальный пенсионный план,куда обратиться чтобы открыть индивидуальный пенсионный план,1
66,какие нужны документы для открытия плана,какие нужны документы для открытия плана,0
67,индивидуальный пенсионный план как можно открыть,индивидуальный пенсионный план как можно открыть,1
68,сколько денег нужно чтобы открыть индивидуальный пенсионный план,сколько денег нужно чтобы открыть индивидуальный пенсионный план,1
69,как открыть индивидуальный пенсионный план,как открыть индивидуальный пенсионный план,1
70,помощник подскажи какие документы нужно предоставить для открытия индивидуального пенсионного плана,помощник подскажи какие документы нужно предоставить для открытия индивидуального пенсионного плана,1
71,что такое индивидуальный пенсионный план,что такое индивидуальный пенсионный план,1
72,как открыть индивидуальный пенсионный план,как открыть индивидуальный пенсионный план,1
73,как открыть пенсионный индивидуальный пенсионный план,как открыть пенсионный индивидуальный пенсионный план,1
74,можно ли как то открыть индивидуальный пенсионный план,можно ли как то открыть индивидуальный пенсионный план,1
75,с какого стажа работа идет пенсионный план,с какого стажа работа идет пенсионный план,1
76,помощник подскажи можем ли мы с мужем на двоих открыть один индивидуальный пенсионный план,помощник подскажи можем ли мы с мужем на двоих открыть один индивидуальный пенсионный план,1
77,а можно ли дистанционно открыть индивидуальный пенсионный план,а можно ли дистанционно открыть индивидуальный пенсионный план,1
78,преимущество индивидуального пенсионного плана,преимущество индивидуального пенсионного плана,1
79,какие документы мне нужны для того чтобы открыть индивидуальный пенсионный план,какие документы мне нужны для того чтобы открыть индивидуальный пенсионный план,1
80,открыть индивидуальный пенсионный план можно ли как то,открыть индивидуальный пенсионный план можно ли как то,1
81,могу ли я открыть индивидуальный пенсионный план для своих родителей,могу ли я открыть индивидуальный пенсионный план для своих родителей,1
82,подскажите пожалуйста как открыть,подскажите пожалуйста как открыть,0
83,где лучше всего открыть индивидуальный пенсионный план,где лучше всего открыть индивидуальный пенсионный план,1
84,помощник подскажи куда мне обратиться чтобы открыть индивидуальный пенсионный план,помощник подскажи куда мне обратиться чтобы открыть индивидуальный пенсионный план,1
85,индивидуальный пенсионный план как открыть,индивидуальный пенсионный план как открыть,1
86,какая сумма мне необходима для того чтобы открыть индивидуальный пенсионный план,какая сумма мне необходима для того чтобы открыть индивидуальный пенсионный план,1
87,какие документы нужны для открытия индийского плана,какие документы нужны для открытия индийского плана,0
88,я должна буду сама написать заявление в каком то банке или мне это сделает работодатель,я должна буду сама написать заявление в каком то банке или мне это сделает работодатель,0
89,как открыть индивидуальный пенсионный план,как открыть индивидуальный пенсионный план,1
90,можно мне узнать что мне нужно для того чтобы я открыла индивидуальный пенсионный план,можно мне узнать что мне нужно для того чтобы я открыла индивидуальный пенсионный план,1
91,есть ли какое то приложение для индивидуального пенсионного плана можно ли онлайн его открыть,есть ли какое то приложение для индивидуального пенсионного плана можно ли онлайн его открыть,1
92,что нужно для открытия ипп,что нужно для открытия индивидуальныйпенсионный план,1
93,слушай а ты не можешь помочь мне узнать как открыть индивидуальный пенсионный план,слушай а ты не можешь помочь мне узнать как открыть индивидуальный пенсионный план,1
94,в каком банке выгоднее всего открыть индивидуальный пенсионный план,в каком банке выгоднее всего открыть индивидуальный пенсионный план,1
95,мне нужна информация о том как открыть индивидуальный пенсионный план,мне нужна информация о том как открыть индивидуальный пенсионный план,1
96,, ,0
97,, ,0
98,, ,0
99,куда будут инвестироваться деньги из этого инвестиционного плана,куда будут инвестироваться деньги из этого инвестиционного плана,0
100,какова сумма первоначального взноса,какова сумма первоначального взноса,0
101,нужны ли какие нибудь вложения чтобы разработать свой индивидуальный пенсионный план,нужны ли какие нибудь вложения чтобы разработать свой индивидуальный пенсионный план,1
102,мне нужно открыть индивидуальный пенсионный план,мне нужно открыть индивидуальный пенсионный план,1
103,здравствуйте нужна информация по открытию индивидуального пенсионного плана,здравствуйте нужна информация по открытию индивидуального пенсионного плана,1
104,я могу открыть индивидуальный пенсионный план онлайн,я могу открыть индивидуальный пенсионный план онлайн,1
105,ты можешь мне открыть индивидуальный пенсионный план,ты можешь мне открыть индивидуальный пенсионный план,1
106,добрый день интересует индивидуальный пенсионный план как его открыть,добрый день интересует индивидуальный пенсионный план как его открыть,1
107,подскажите что для этого нужно какие документы нужны,подскажите что для этого нужно какие документы нужны,0
108,здравствуйте подскажите пожалуйста как мне открыть индивидуальный пенсионный план,здравствуйте подскажите пожалуйста как мне открыть индивидуальный пенсионный план,1
109,и как долго ждать получения этого,и как долго ждать получения этого,0
110,куда можно обратиться для открытия индивидуального пенсионного плана,куда можно обратиться для открытия индивидуального пенсионного плана,1
111,что мне нужно чтобы разработать индивидуальный пенсионный план,что мне нужно чтобы разработать индивидуальный пенсионный план,1
112,располагаете информацией по индивидуальному пенсионному плану и о том как открыть индивидуальный пенсионный план,располагаете информацией по индивидуальному пенсионному плану и о том как открыть индивидуальный пенсионный план,1
113,, ,0
114,, ,0
115,, ,0
116,, ,0
117,, ,0
118,, ,0
119,, ,0
120,, ,0
121,, ,0
122,, ,0
123,, ,0
124,, ,0
125,, ,0
126,, ,0
127,, ,0
128,, ,0
129,, ,0
130,, ,0
131,, ,0
132,, ,0
133,, ,0
134,, ,0
135,, ,0
136,, ,0
137,, ,0
138,, ,0
139,, ,0
140,, ,0
141,, ,0
142,, ,0
143,, ,0
144,, ,0
145,, ,0
146,, ,0
147,, ,0
148,, ,0
149,, ,0
150,, ,0
151,, ,0
152,, ,0
153,, ,0
154,, ,0
155,, ,0
156,, ,0
157,, ,0
158,, ,0
159,, ,0
160,, ,0
161,, ,0
162,, ,0
163,, ,0
164,, ,0
165,, ,0
166,, ,0
167,, ,0
168,, ,0
169,, ,0
170,, ,0
171,, ,0
172,открыть индивидуальный пенсионный план,открыть индивидуальный пенсионный план,1
173,открыть индивидуальный пенсионный план,открыть индивидуальный пенсионный план,1
174,что такое индивидуальный пенсионный план,что такое индивидуальный пенсионный план,1
175,какие преимущества дает открытие индивидуального пенсионного плана,какие преимущества дает открытие индивидуального пенсионного плана,1
176,индивидуальный пенсионный план стоит,индивидуальный пенсионный план стоит,1
177,что такое пенсионный план,что такое пенсионный план,1
178,как рассчитать индивидуальный пенсионный план,как рассчитать индивидуальный пенсионный план,1
179,а что такое пенсионный план,а что такое пенсионный план,1
180,как его открыть,как его открыть,0
181,как можно открыть индивидуальный пенсионный план,как можно открыть индивидуальный пенсионный план,1
182,какие необходимо предоставить документы для открытия индивидуального пенсионного плана,какие необходимо предоставить документы для открытия индивидуального пенсионного плана,1
183,как открыть индивидуальный пенсионный план,как открыть индивидуальный пенсионный план,1
184,я могу его открыть на своей карте,я могу его открыть на своей карте,0
185,ассистент,ассистент,0
186,что такое индивидуальный пенсионный план,что такое индивидуальный пенсионный план,1
187,он оформляется в частной или государственной компании,он оформляется в частной или государственной компании,0
188,куда мне нужно обратиться чтобы открыть ипп,куда мне нужно обратиться чтобы открыть индивидуальныйпенсионный план,1
189,какого возраста можно открывать индивидуальный пенсионный план,какого возраста можно открывать индивидуальный пенсионный план,1
190,как открыть ипп,как открыть индивидуальныйпенсионный план,1
191,что нужно сделать чтобы открыть индивидуальный пенсионный план,что нужно сделать чтобы открыть индивидуальный пенсионный план,1
192,куда обратиться чтобы мне открыть индивидуальный пенсионный план,куда обратиться чтобы мне открыть индивидуальный пенсионный план,1
193,могу ли я открыть ипп,могу ли я открыть индивидуальныйпенсионный план,1
194,как открыть этот пенсионный план индивидуальный который,как открыть этот пенсионный план индивидуальный который,1
195,алиса как открыть индивидуальный пенсионный план,алиса как открыть индивидуальный пенсионный план,1
196,что делать если я хочу открыть индивидуальный пенсионный план,что делать если я хочу открыть индивидуальный пенсионный план,1
197,расскажите пожалуйста как открыть индивидуальный инвестиционный план,расскажите пожалуйста как открыть индивидуальный инвестиционный план,0
198,скажи пожалуйста как открыть индивидуальный пенсионный план,скажи пожалуйста как открыть индивидуальный пенсионный план,1
199,где и что нужно сделать чтобы открыть индивидуальный пенсионный план,где и что нужно сделать чтобы открыть индивидуальный пенсионный план,1
200,что надо сделать чтобы открыть индивидуальный пенсионный план,что надо сделать чтобы открыть индивидуальный пенсионный план,1
201,как я могу открыть индивидуальный пенсионный план,как я могу открыть индивидуальный пенсионный план,1
202,сколько денег нужно чтобы открыть индивидуальный пенсионный план,сколько денег нужно чтобы открыть индивидуальный пенсионный план,1
203,что дает индивидуальный пенсионный план какие льготы в банке,что дает индивидуальный пенсионный план какие льготы в банке,1
204,ассистент кто может открыть индивидуальный пенсионный план,ассистент кто может открыть индивидуальный пенсионный план,1
205,есть ли какие то ограничения при открытии индивидуального пенсионного плана,есть ли какие то ограничения при открытии индивидуального пенсионного плана,1
206,условия открытия индивидуального пенсионного плана,условия открытия индивидуального пенсионного плана,1
207,где я могу открыть индивидуальный пенсионный план,где я могу открыть индивидуальный пенсионный план,1
208,до какого возраста можно открывать индивидуальный пенсионный п,до какого возраста можно открывать индивидуальный пенсионный п,0
209,как открыть индивидуальный пенсионный пла,как открыть индивидуальный пенсионный пла,0
210,как открыть индивидуальный пенсионный план,как открыть индивидуальный пенсионный план,1
211,как открыть индивидуальный пенсионный план,как открыть индивидуальный пенсионный план,1
212,ипп что это,индивидуальныйпенсионный план что это,1
213,договор об открытии индивидуального пенсионного плана,договор об открытии индивидуального пенсионного плана,1
214,куда записаться или где можно купить наруто на пенсионный план,куда записаться или где можно купить наруто на пенсионный план,1
215,как открыть индивидуальный пенсионный план,как открыть индивидуальный пенсионный план,1
216,открытие индивидуального пенсионного плана,открытие индивидуального пенсионного плана,1
217,сроки открытия индивидуального пенсионного плана,сроки открытия индивидуального пенсионного плана,1
218,как открыть индивидуальный пенсионный план,как открыть индивидуальный пенсионный план,1
219,подскажи как открыть индивидуальный пенсионный план,подскажи как открыть индивидуальный пенсионный план,1
220,в каком возрасте можно открыть индивидуальный пенсионный план,в каком возрасте можно открыть индивидуальный пенсионный план,1
221,для чего нужен индивидуальный пенсионный план и как его открыть,для чего нужен индивидуальный пенсионный план и как его открыть,1
222,индивидуальный пенсионный план информацию в интернете,индивидуальный пенсионный план информацию в интернете,1
223,я хочу открыть индивидуальный пенсионный план как это сделать,я хочу открыть индивидуальный пенсионный план как это сделать,1
224,какая прибыль с ипп,какая прибыль с индивидуальныйпенсионный план,1
225,как открыть индивидуальный пенсионный план,как открыть индивидуальный пенсионный план,1
226,где открыть индивидуальный пенсионный план,где открыть индивидуальный пенсионный план,1
227,как открыть индивидуальный пенсионный план,как открыть индивидуальный пенсионный план,1
228,здравствуйте хотела бы узнать как открыть индивидуальный пенсионный план,здравствуйте хотела бы узнать как открыть индивидуальный пенсионный план,1
229,какие мне нужны документы для открытия индивидуального пенсионного плана,какие мне нужны документы для открытия индивидуального пенсионного плана,1
230,какие нужны документы для открытия индивидуального пенсионного плана,какие нужны документы для открытия индивидуального пенсионного плана,1
231,преимущество индивидуальном пенсионном плане,преимущество индивидуальном пенсионном плане,1
232,, ,0
233,, ,0
234,, ,0
235,, ,0
236,, ,0
237,, ,0
238,, ,0
239,, ,0
240,, ,0
241,дай рекомендации о том как открыть индивидуальный пенсионный план,дай рекомендации о том как открыть индивидуальный пенсионный план,1
242,, ,0
243,, ,0
244,, ,0
245,, ,0
246,, ,0
247,, ,0
248,, ,0
249,, ,0
250,, ,0
251,, ,0
252,, ,0
253,, ,0
254,что такое индивидуальный пенсионный план,что такое индивидуальный пенсионный план,1
255,, ,0
256,, ,0
257,, ,0
258,, ,0
259,, ,0
260,, ,0
261,, ,0
262,, ,0
263,, ,0
264,, ,0
265,, ,0
266,, ,0
267,, ,0
268,, ,0
269,, ,0
270,, ,0
271,, ,0
272,, ,0
273,, ,0
274,, ,0
275,, ,0
276,, ,0
277,, ,0
278,, ,0
279,, ,0
280,, ,0
281,как я могу открыть индивидуальный пенсионный план,как я могу открыть индивидуальный пенсионный план,1
282,, ,0
283,, ,0
284,как открыть индивидуальный пенсионный план,как открыть индивидуальный пенсионный план,1
285,, ,0
286,, ,0
287,, ,0
288,, ,0
289,, ,0
290,, ,0
291,, ,0
292,, ,0
293,, ,0
294,, ,0
295,, ,0
296,, ,0
297,, ,0
298,, ,0
299,в каком размере я получу пенсию,в каком размере я получу пенсию,0
300,, ,0
301,, ,0
302,, ,0
303,для того чтобы открыть ипп нужно заходить в сбербанк онлайн,для того чтобы открыть индивидуальныйпенсионный план нужно заходить в сбербанк онлайн,1
304,какая погода на завтра,какая погода на завтра,0
305,какая максимальная сумма у индивидуального пенсионного плана,какая максимальная сумма у индивидуального пенсионного плана,1
306,как открыть индивидуальный пенсионный план,как открыть индивидуальный пенсионный план,1
307,для того чтобы открыть апп нужно ехать в банк,для того чтобы открыть апп нужно ехать в банк,0
308,построй маршрут из караганды в астану,построй маршрут из караганды в астану,0
309,поставь будильник на завтра на десять утра,поставь будильник на завтра на десять утра,0
310,на сколько лет открывается индивидуальный пенсионный план,на сколько лет открывается индивидуальный пенсионный план,1
311,какие документы мне нужно собрать чтобы открыть индивидуальный пенсионный план,какие документы мне нужно собрать чтобы открыть индивидуальный пенсионный план,1
312,для чего нужен индивидуальный пенсионный план,для чего нужен индивидуальный пенсионный план,1
313,подробно об открытии индивидуального пенсионного плана,подробно об открытии индивидуального пенсионного плана,1
314,как открыть индивидуальный инвестиционный план,как открыть индивидуальный инвестиционный план,0
315,алиса я хочу открыть индивидуальный пенсионный план что мне для этого нужно,алиса я хочу открыть индивидуальный пенсионный план что мне для этого нужно,1
316,как открыть индивидуальный пенсионный план,как открыть индивидуальный пенсионный план,1
317,индивидуальный пенсионный план открывается через интернет,индивидуальный пенсионный план открывается через интернет,1
318,для чего мне нужно открыть индивидуальный пенсионный вклад,для чего мне нужно открыть индивидуальный пенсионный вклад,0
319,какие документы нужны для открытия индивидуального пенсионного плана,какие документы нужны для открытия индивидуального пенсионного плана,1
320,куда нужно обратиться чтобы открыть индивидуальный пенсионный план,куда нужно обратиться чтобы открыть индивидуальный пенсионный план,1
321,как открыть индивидуальный пенсионный план,как открыть индивидуальный пенсионный план,1
322,как открыть индивидуальный пенсионный план,как открыть индивидуальный пенсионный план,1
323,что такое пенсионный план и как его открыть,что такое пенсионный план и как его открыть,1
324,помогите открыть индивидуальный пенсионный план,помогите открыть индивидуальный пенсионный план,1
325,как открыть индивидуальный пенсионный план в сбербанке,как открыть индивидуальный пенсионный план в сбербанке,1
326,а где можно узнать как открыть индивидуальный пенсионный план,а где можно узнать как открыть индивидуальный пенсионный план,1
327,как открыть ипп,как открыть индивидуальныйпенсионный план,1
328,расскажи как открыть индивидуальный пенсионный план,расскажи как открыть индивидуальный пенсионный план,1
329,расчет индивидуального пенсионного плана,расчет индивидуального пенсионного плана,1
330,где я могу открыть индивидуальный пенсионный план и какие документы для этого нужны,где я могу открыть индивидуальный пенсионный план и какие документы для этого нужны,1
331,привет помоги с открытием индивидуального пенсионного плана,привет помоги с открытием индивидуального пенсионного плана,1
332,как открыть индивидуальный пенсионный план,как открыть индивидуальный пенсионный план,1
333,можно ли открыть индивидуальный инвестиционный план удаленно,можно ли открыть индивидуальный инвестиционный план удаленно,0
334,индивидуальный пенсионный план что такое и как его открыть,индивидуальный пенсионный план что такое и как его открыть,1
335,как можно открыть индивидуальный пенсионный план,как можно открыть индивидуальный пенсионный план,1
336,мне хотелось бы узнать как можно открыть индивидуальный пенсионный план,мне хотелось бы узнать как можно открыть индивидуальный пенсионный план,1
337,когда выгоднее всего открывать индивидуальный пенсионный план,когда выгоднее всего открывать индивидуальный пенсионный план,1
338,что я должна сделать чтобы открыть индивидуальный пенсионный план,что я должна сделать чтобы открыть индивидуальный пенсионный план,1
339,алиса расскажи мне,алиса расскажи мне,0
340,как открыть индивидуальный пенсионный план,как открыть индивидуальный пенсионный план,1
341,где я могу открыть индивидуальный пенсионный план,где я могу открыть индивидуальный пенсионный план,1
342,как открыть индивидуальный пенсионный план,как открыть индивидуальный пенсионный план,1
343,я хочу открыть индивидуальный пенсионный план,я хочу открыть индивидуальный пенсионный план,1
344,подскажи что там за условия с индивидуальным пенсионным планом,подскажи что там за условия с индивидуальным пенсионным планом,1
345,алиса как открыть индивидуальный пенсионный план,алиса как открыть индивидуальный пенсионный план,1
346,когда я могу открыть индивидуальный пенсионный план,когда я могу открыть индивидуальный пенсионный план,1
347,подскажи как открыть индивидуальный пенсионный план,подскажи как открыть индивидуальный пенсионный план,1
348,купить собаку в вологде,купить собаку в вологде,0
349,как мне открыть индивидуальный пенсионный план,как мне открыть индивидуальный пенсионный план,1
350,как открыть индивидуальный пенсионный план,как открыть индивидуальный пенсионный план,1
351,кто такие эмитенты,кто такие эмитенты,0
352,что такое индивидуальный пенсионный план,что такое индивидуальный пенсионный план,1
353,что такое эмиссионное право,что такое эмиссионное право,0
354,как рассчитать свою пенсию,как рассчитать свою пенсию,0
355,как открыть индивидуальный пенсионный план,как открыть индивидуальный пенсионный план,1
356,ассистент скажи как открыть индивидуальный пенсионный план,ассистент скажи как открыть индивидуальный пенсионный план,1
357,что такое индивидуальный пенсионный план и как его открыть,что такое индивидуальный пенсионный план и как его открыть,1
358,что необходимо для того чтобы открыть индивидуальный план,что необходимо для того чтобы открыть индивидуальный план,0
359,пенсионный план,пенсионный план,1
360,какие документы нужны чтобы открыть индивидуальный пенсионный план,какие документы нужны чтобы открыть индивидуальный пенсионный план,1
361,скажите пожалуйста могу ли я,скажите пожалуйста могу ли я,0
362,долго ли открывается индивидуальный пенсионный план,долго ли открывается индивидуальный пенсионный план,1
363,я хотела бы узнать как открыть индивидуальный пенсионный план,я хотела бы узнать как открыть индивидуальный пенсионный план,1
364,, ,0
365,где я могу открыть индивидуальный пенсионный план,где я могу открыть индивидуальный пенсионный план,1
366,в каком банке я могу открыть индивидуальный пенсионный план,в каком банке я могу открыть индивидуальный пенсионный план,1
367,купить собаку в вологде,купить собаку в вологде,0
368,check что это, что это,0
369,где лучше открыть индивидуальный пенсионный план,где лучше открыть индивидуальный пенсионный план,1
370,где находится банк в котором можно получить пенсию,где находится банк в котором можно получить пенсию,0
371,как открыть индивидуальный пенсионный план,как открыть индивидуальный пенсионный план,1
372,как открыть ипп,как открыть индивидуальныйпенсионный план,1
373,как возможно сделать так чтобы открыть индивидуальный пенсионный план,как возможно сделать так чтобы открыть индивидуальный пенсионный план,1
374,я хотела бы открыть индивидуальный пенсионный план,я хотела бы открыть индивидуальный пенсионный план,1
375,можно ли открыть индивидуальный пенсионный план онлайн,можно ли открыть индивидуальный пенсионный план онлайн,1
376,какой пакет документов надо для того чтобы открыть индивидуальный пенс,какой пакет документов надо для того чтобы открыть индивидуальный пенс,0
377,сколько километров от города кадникова до города вологда,сколько километров от города кадникова до города вологда,0
378,чем лучше кормить кошку натуральной едой или кормом покупным,чем лучше кормить кошку натуральной едой или кормом покупным,0
379,что нужно для того чтобы открыть индивидуальный пенсионный план,что нужно для того чтобы открыть индивидуальный пенсионный план,1
380,что нужно чтобы открыть индивидуальный пенсионный план,что нужно чтобы открыть индивидуальный пенсионный план,1
381,онлайн консультация как открыть индивидуальный пенсионный план,онлайн консультация как открыть индивидуальный пенсионный план,1
382,в каком банке лучше открыть индивидуальный пенсионный план,в каком банке лучше открыть индивидуальный пенсионный план,1
383,какие документы нужны для открытия индивидуального пенсионного плана,какие документы нужны для открытия индивидуального пенсионного плана,1
384,как мне открыть индивидуальный пенсионный план,как мне открыть индивидуальный пенсионный план,1
385,индивидуальный пенсионный план информация по открытию,индивидуальный пенсионный план информация по открытию,1
386,скажи куда обратиться чтобы открыть индивидуальный пенсионный план,скажи куда обратиться чтобы открыть индивидуальный пенсионный план,1
387,что такое индивидуальный пенсионный план,что такое индивидуальный пенсионный план,1
388,как мне открыть индивидуальный пенсионный план,как мне открыть индивидуальный пенсионный план,1
389,как открыть индивидуальный пенсионный план,как открыть индивидуальный пенсионный план,1
390,пенсионный план,пенсионный план,1
391,как открыть индивидуальный пенсионный план,как открыть индивидуальный пенсионный план,1
392,как открыть индивидуальный пенсионный план как начать получать выплаты,как открыть индивидуальный пенсионный план как начать получать выплаты,1
393,сайт ипп,сайт индивидуальныйпенсионный план,1
394,интересно где можно узнать о том как открыть индивидуальный пенсионный план,интересно где можно узнать о том как открыть индивидуальный пенсионный план,1
395,чтобы открыть индивидуальный пенсионный план мне нужно перевести пенсию в негосударственный пенсионный фонд,чтобы открыть индивидуальный пенсионный план мне нужно перевести пенсию в негосударственный пенсионный фонд,1
396,кто может открыть индивидуальный инвестиционный план,кто может открыть индивидуальный инвестиционный план,0
397,могу ли я открыть индивидуальный пенсионный план сейчас,могу ли я открыть индивидуальный пенсионный план сейчас,1
398,как открыть индивидуальный пенсионный план,как открыть индивидуальный пенсионный план,1
399,как открыть индивидуальный пенсионный план,как открыть индивидуальный пенсионный план,1
400,подскажи как открыть ипп,подскажи как открыть индивидуальныйпенсионный план,1
401,как открыть индивидуальный пенсионный план,как открыть индивидуальный пенсионный план,1
402,как лучше всего открыть индивидуальный пенсионный план,как лучше всего открыть индивидуальный пенсионный план,1
403,как открыть индивидуальный пенсионный план,как открыть индивидуальный пенсионный план,1
404,youtube как можно открыть ипп, как можно открыть индивидуальныйпенсионный план,1
405,что сделать чтобы открыть ипп,что сделать чтобы открыть индивидуальныйпенсионный план,1
406,скажи мне каким образом можно открыть пенсионный план индивидуальный,скажи мне каким образом можно открыть пенсионный план индивидуальный,1
407,трудно или нет открывать ипп,трудно или нет открывать индивидуальныйпенсионный план,1
408,трудно или нет открывать ипп,трудно или нет открывать индивидуальныйпенсионный план,1
409,как открыть ипп,как открыть индивидуальныйпенсионный план,1
410,а что открыть индивидуальный пенсионный план нужно сразу взнос сделать или я могу через какое то время это сделать,а что открыть индивидуальный пенсионный план нужно сразу взнос сделать или я могу через какое то время это сделать,1
411,какие нужны документы для открытия индивидуального пенсионного плана,какие нужны документы для открытия индивидуального пенсионного плана,1
412,как открыть индивидуальный пенсионный план,как открыть индивидуальный пенсионный план,1
413,куда обратиться чтобы открыть индивидуал,куда обратиться чтобы открыть индивидуал,0
414,каким образом,каким образом,0
415,как открыть индивидуальный пенсионный план,как открыть индивидуальный пенсионный план,1
416,как создать инвестиционный пенсионный план,как создать инвестиционный пенсионный план,1
417,, ,0
418,что сделать чтобы открыть ипп,что сделать чтобы открыть индивидуальныйпенсионный план,1
419,и когда,и когда,0
420,от какой суммы,от какой суммы,0
421,как открыть индивидуальный инвестиционный план в сбербанке,как открыть индивидуальный инвестиционный план в сбербанке,0
422,как открыть пенсию,как открыть пенсию,0
423,что такое и как открыть ипп,что такое и как открыть индивидуальныйпенсионный план,1
424,пошаговые действия при открытии индивидуального пенсионного плана,пошаговые действия при открытии индивидуального пенсионного плана,1
425,какие действия нужно для открытия индивидуального пенсионного плана,какие действия нужно для открытия индивидуального пенсионного плана,1
426,открытие индивидуального пенсионного плана,открытие индивидуального пенсионного плана,1
427,какой процент при открытии индивидуального пенсионного плана,какой процент при открытии индивидуального пенсионного плана,1
428,в каком банке можно открыть индивидуальный пенсионный план,в каком банке можно открыть индивидуальный пенсионный план,1
429,условия открытия индивидуального пенсионного плана,условия открытия индивидуального пенсионного плана,1
430,какие документы нужны для открытия индивидуального пенсионного плана,какие документы нужны для открытия индивидуального пенсионного плана,1
431,расскажи о всех нюансах открытия индивидуального пенсионного плана,расскажи о всех нюансах открытия индивидуального пенсионного плана,1
432,с какого возраста можно открыть индивидуальный пенсионный план,с какого возраста можно открыть индивидуальный пенсионный план,1
433,как открыть индивидуальный пенсионный план,как открыть индивидуальный пенсионный план,1
434,индивидуальный пенсионный план что это и как его оформить,индивидуальный пенсионный план что это и как его оформить,1
435,сколько нужно откладывать,сколько нужно откладывать,0
436,скажите пожалуйста какого размера должен быть первоначальный взнос,скажите пожалуйста какого размера должен быть первоначальный взнос,0
437,как можно открыть индивидуальный пенсионный план,как можно открыть индивидуальный пенсионный план,1
438,что такое индивидуальный пенсионный план,что такое индивидуальный пенсионный план,1
439,можно ли открыть индивидуальный пенсионный план онлайн,можно ли открыть индивидуальный пенсионный план онлайн,1
440,что такое индивидуальный пенсионный план как открыть условия,что такое индивидуальный пенсионный план как открыть условия,1
441,как открыть индивидуальный пенсионный план,как открыть индивидуальный пенсионный план,1
442,добрый день помогите мне отключить детальный пенсионный план спасибо,добрый день помогите мне отключить детальный пенсионный план спасибо,1
443,что такое авиза,что такое авиза,0
444,сколько стоит обслуживание индивидуального пенсионного плана,сколько стоит обслуживание индивидуального пенсионного плана,1
445,как выбрать пенсионный план,как выбрать пенсионный план,1
446,а что такое вообще индивидуальный пенсионный план и,а что такое вообще индивидуальный пенсионный план и,1
447,хочу узнать как открыть ипп индивидуальный пенсионный план,хочу узнать как открыть индивидуальныйпенсионный план индивидуальный пенсионный план,1
448,какие документы от меня потребуются для того чтобы я открыла у вас индивидуальный пенсионный план,какие документы от меня потребуются для того чтобы я открыла у вас индивидуальный пенсионный план,1
449,ой а как открывают свой индивидуальный пенсионный план,ой а как открывают свой индивидуальный пенсионный план,1
450,как работает фондовая биржа,как работает фондовая биржа,0
451,какой курс доллара,какой курс доллара,0
452,как открыть счет,как открыть счет,0
453,я хочу открыть индивидуальный пенсионный план,я хочу открыть индивидуальный пенсионный план,1
454,какие документы нужны для открытия ипп,какие документы нужны для открытия индивидуальныйпенсионный план,1
455,с какого возраста можно открыть индивидуальный пенсионный план,с какого возраста можно открыть индивидуальный пенсионный план,1
456,что нужно сделать для того чтобы открыть индивидуальный пенсионный план,что нужно сделать для того чтобы открыть индивидуальный пенсионный план,1
457,какие документы нужны чтобы открыть индивидуальный пенсионный план,какие документы нужны чтобы открыть индивидуальный пенсионный план,1
458,какому банку следует отдать предпочтение при открытии индивидуального пенсионного плана,какому банку следует отдать предпочтение при открытии индивидуального пенсионного плана,1
459,подскажи как мне открыть индивидуальный пенсионный план,подскажи как мне открыть индивидуальный пенсионный план,1
460,расскажите мне пожалуйста что такое индивидуальный пенсионный план и как мне его его открыть,расскажите мне пожалуйста что такое индивидуальный пенсионный план и как мне его его открыть,1
461,как пройти к банку,как пройти к банку,0
462,в каком банке открыть индивидуальный пенсионный план,в каком банке открыть индивидуальный пенсионный план,1
463,скажите пожалуйста открыть индивидуальный пенсионный план можно только в банке или можно сделать заявку онлайн,скажите пожалуйста открыть индивидуальный пенсионный план можно только в банке или можно сделать заявку онлайн,1
464,скажите пожалуйста а взносы делаются в какие то определенные сроки или я могу сделать это в любое время когда захочу,скажите пожалуйста а взносы делаются в какие то определенные сроки или я могу сделать это в любое время когда захочу,0
465,как открыть индивидуальный пенсионный план варианты,как открыть индивидуальный пенсионный план варианты,1
466,обязательно ли личное присутствие при открытии индивидуального пенсионного плана,обязательно ли личное присутствие при открытии индивидуального пенсионного плана,1
467,сколько стоит открыть индивидуальный пенсионный план,сколько стоит открыть индивидуальный пенсионный план,1
468,что такое бесконтактная карточка,что такое бесконтактная карточка,0
469,, ,0
470,какие документы нужны для того чтобы открыть индивидуальный пенсионный план,какие документы нужны для того чтобы открыть индивидуальный пенсионный план,1
471,могу ли я открыть индивидуальный пенсионный план на другого человека,могу ли я открыть индивидуальный пенсионный план на другого человека,1
472,алиса можно ли открыть индивидуальный пенсионный план онлайн,алиса можно ли открыть индивидуальный пенсионный план онлайн,1
473,, ,0
474,, ,0
475,, ,0
476,, ,0
477,, ,0
478,, ,0
479,, ,0
480,, ,0
481,, ,0
482,, ,0
483,, ,0
484,, ,0
485,, ,0
486,, ,0
487,, ,0
488,, ,0
489,, ,0
490,, ,0
491,, ,0
492,, ,0
493,, ,0
494,, ,0
495,, ,0
496,, ,0
497,, ,0
498,как открыть индивидуальный пенсионный план,как открыть индивидуальный пенсионный план,1
499,как открыть индивидуальный пенсионный план,как открыть индивидуальный пенсионный план,1
500,в каких банках лучше открыть индивидуальный пенсионный план,в каких банках лучше открыть индивидуальный пенсионный план,1
501,как открыть индивидуальный пенсионный план,как открыть индивидуальный пенсионный план,1
502,в чем суть индивидуального пенсионного плана,в чем суть индивидуального пенсионного плана,1
503,где лучше открыть индивидуальный пенсионный план,где лучше открыть индивидуальный пенсионный план,1
504,какие условия открытия индивидуального пенсионного плана,какие условия открытия индивидуального пенсионного плана,1
505,какие преимущества индивидуального пенсионного плана,какие преимущества индивидуального пенсионного плана,1
506,где можно открыть индивидуальный пенсионный план,где можно открыть индивидуальный пенсионный план,1
507,что делаешь,что делаешь,0
508,как открыть индивидуальный пенсионный план,как открыть индивидуальный пенсионный план,1
509,какие будут особенности в данном плане,какие будут особенности в данном плане,0
510,как правильно открыть индивидуальный пенсионный план,как правильно открыть индивидуальный пенсионный план,1
511,сколько доверие,сколько доверие,0
512,какая доходность индивидуального пенсионного плана,какая доходность индивидуального пенсионного плана,1
513,смогу ли я онлайн открыть индивидуальный пенсионный план,смогу ли я онлайн открыть индивидуальный пенсионный план,1
514,какие документы нужны чтобы открыть индивидуальный пенсионный план,какие документы нужны чтобы открыть индивидуальный пенсионный план,1
515,как открыть ипп,как открыть индивидуальныйпенсионный план,1
516,что это такое,что это такое,0
517,какие документы понадобятся чтобы открыть индивидуальный пенсионный план,какие документы понадобятся чтобы открыть индивидуальный пенсионный план,1
518,как открыть индивидуальный пенсионный план,как открыть индивидуальный пенсионный план,1
519,какие нужны документы для открытия индивидуального пенсионного плана,какие нужны документы для открытия индивидуального пенсионного плана,1
520,нет дела,нет дела,0
521,как открыть индивидуальный пенсионный план,как открыть индивидуальный пенсионный план,1
522,хочу открыть индивидуальный пенсионный план,хочу открыть индивидуальный пенсионный план,1
523,как открыть индивидуальный пенсионный план,как открыть индивидуальный пенсионный план,1
524,как открыть индивидуальный пенсионный план,как открыть индивидуальный пенсионный план,1
525,как открыть индивидуальный пенсионный план,как открыть индивидуальный пенсионный план,1
526,через сколько лет можно снять с счета ипп,через сколько лет можно снять с счета индивидуальныйпенсионный план,1
527,что нужно для того чтобы открыть индивидуальный пенсионный план,что нужно для того чтобы открыть индивидуальный пенсионный план,1
528,как будет накапливаться пенсия,как будет накапливаться пенсия,0
529,что необходимо для того чтобы открыть индивидуальный пенсионный план,что необходимо для того чтобы открыть индивидуальный пенсионный план,1
530,как открыть индивидуальный пенсионный план,как открыть индивидуальный пенсионный план,1
531,способы открытия индивидуального пенсионного плана,способы открытия индивидуального пенсионного плана,1
532,расскажи мне пожалуйста об открытии индивидуального пенсионного плана,расскажи мне пожалуйста об открытии индивидуального пенсионного плана,1
533,индивидуальный пенсионный план ипп как открыть,индивидуальный пенсионный план индивидуальныйпенсионный план как открыть,1
534,в каком банке лучше всего открыть ипп,в каком банке лучше всего открыть индивидуальныйпенсионный план,1
535,расскажи пожалуйста как я могу открыть индивидуальный пенсионный план,расскажи пожалуйста как я могу открыть индивидуальный пенсионный план,1
536,какие есть возможности на данный момент по открытию индивидуального пенсионного плана,какие есть возможности на данный момент по открытию индивидуального пенсионного плана,1
537,расскажи что такое иппэй и как открывать,расскажи что такое индивидуальныйпенсионный планэй и как открывать,1
538,в какой банк нужно обратиться чтобы открыть индивидуальный пенсионный план,в какой банк нужно обратиться чтобы открыть индивидуальный пенсионный план,1
539,как можно открыть индивидуальный пенсионный план для себя,как можно открыть индивидуальный пенсионный план для себя,1
540,какие документы нужны для открытия индивидуального пенсионного плана,какие документы нужны для открытия индивидуального пенсионного плана,1
541,какие гарантии вообще,какие гарантии вообще,0
542,куда нужно обратиться чтобы открыть индивидуальный пенсионный план,куда нужно обратиться чтобы открыть индивидуальный пенсионный план,1
543,каков порядок выплаты,каков порядок выплаты,0
544,можно ли открыть индивидуальный пенсионный план,можно ли открыть индивидуальный пенсионный план,1
545,какие есть программы индивидуального пенсионного плана,какие есть программы индивидуального пенсионного плана,1
546,как можно открыть индивидуальный пенсионный план,как можно открыть индивидуальный пенсионный план,1
547,куда поехать отдыхать летом,куда поехать отдыхать летом,0
548,как открыть индивидуальный пенсионный план,как открыть индивидуальный пенсионный план,1
549,с чего начать чтобы открыть пенсионный индивидуальный план,с чего начать чтобы открыть пенсионный индивидуальный план,0
550,как выбрать нпф,как выбрать нпф,0
551,каким образом я могу открыть свой индивидуальный пенсионный план,каким образом я могу открыть свой индивидуальный пенсионный план,1
552,как открыть ипп,как открыть индивидуальныйпенсионный план,1
553,вся информация об открытии индивидуального пенсионного плана,вся информация об открытии индивидуального пенсионного плана,1
554,как открыть пенсионный,как открыть пенсионный,0
555,индивидуальный пенсионный план доступен для всех или есть какие либо ограничения,индивидуальный пенсионный план доступен для всех или есть какие либо ограничения,1
556,что такое,что такое,0
557,расскажи подробно об открытии индивидуального пенсионного плана,расскажи подробно об открытии индивидуального пенсионного плана,1
558,какие преимущества,какие преимущества,0
559,хочу открыть индивидуальный пенсионный план как это лучше сделать,хочу открыть индивидуальный пенсионный план как это лучше сделать,1
560,как открыть индивидуальный пенсионный план,как открыть индивидуальный пенсионный план,1
561,что нужно сделать с первым пунктом чтобы открыть индивидуальный пенсионный план,что нужно сделать с первым пунктом чтобы открыть индивидуальный пенсионный план,1
562,как открыть индивидуальный пенсионный план,как открыть индивидуальный пенсионный план,1
563,как отремонтировать стол,как отремонтировать стол,0
564,здравствуйте в каких организациях можно открыть индивидуальный пенсионный план,здравствуйте в каких организациях можно открыть индивидуальный пенсионный план,1
565,как открыть ип,как открыть ип,0
566,как открыть индивидуальный пенсионный,как открыть индивидуальный пенсионный,0
567,заведующего индивидуального пенсионного плана,заведующего индивидуального пенсионного плана,1
568,информация об открытии индивидуального пенсионного плана,информация об открытии индивидуального пенсионного плана,1
569,получить информацию об открытии пенсионного плана,получить информацию об открытии пенсионного плана,1
570,я хотела бы открыть индивидуальный пенсионный план как мне это сделать,я хотела бы открыть индивидуальный пенсионный план как мне это сделать,1
571,индивидуальный пенсионный план где находится в севастополе,индивидуальный пенсионный план где находится в севастополе,1
572,можно ли самостоятельно открыть индивидуальный пенсионный план,можно ли самостоятельно открыть индивидуальный пенсионный план,1
573,какие документы нужны чтобы открыть индивидуальный пенсионный план,какие документы нужны чтобы открыть индивидуальный пенсионный план,1
574,индивидуальный пенсионный план как открыть вся информация,индивидуальный пенсионный план как открыть вся информация,1
575,как открыть индивидуальный пенсионный план,как открыть индивидуальный пенсионный план,1
576,отличие индивидуального пенсионного плана от депозита,отличие индивидуального пенсионного плана от депозита,1
577,какие документы необходимы чтобы открыть индивидуальный пенсионный план,какие документы необходимы чтобы открыть индивидуальный пенсионный план,1
578,что входит в индивидуальный пенсионный план,что входит в индивидуальный пенсионный план,1
579,время работы индивидуального пенсионного плана ипп,время работы индивидуального пенсионного плана индивидуальныйпенсионный план,1
580,как мне можешь помочь индивидуальный пенсионный,как мне можешь помочь индивидуальный пенсионный,0
581,можно ли открыть свой индивидуальный пенсионный план онлайн,можно ли открыть свой индивидуальный пенсионный план онлайн,1
582,существует ли мобильное приложение которое можно открыть индивидуальный пенсионный план,существует ли мобильное приложение которое можно открыть индивидуальный пенсионный план,1
583,преимущество индивидуального пенсионного плана и как,преимущество индивидуального пенсионного плана и как,1
584,куда подать документы чтобы оформить,куда подать документы чтобы оформить,0
585,что такое индивидуальный пенсионный план и какие способы есть для его открытия,что такое индивидуальный пенсионный план и какие способы есть для его открытия,1
586,что нужно для открытия индивидуального пенсионного плана,что нужно для открытия индивидуального пенсионного плана,1
587,необходимые документы для открытия,необходимые документы для открытия,0
588,здравствуйте что нужно сделать чтобы открыть индивидуальный пенсионный план,здравствуйте что нужно сделать чтобы открыть индивидуальный пенсионный план,1
589,где лучше открыть индивидуальный пенсионный план,где лучше открыть индивидуальный пенсионный план,1
590,открытие индивидуального пенсионного плана в россии,открытие индивидуального пенсионного плана в россии,1
591,какие выгоды от индивидуального пенсионного плана,какие выгоды от индивидуального пенсионного плана,1
592,ипп индивидуальный пенсионный план и как можно его открыть,индивидуальныйпенсионный план индивидуальный пенсионный план и как можно его открыть,1
593,хочу открыть индивидуальный пенсионный план как это сделать,хочу открыть индивидуальный пенсионный план как это сделать,1
594,необходимость действия в россии для индивидуального пенсионного плана о,необходимость действия в россии для индивидуального пенсионного плана о,1
595,куда обратиться чтобы открыть индивидуальный пенсионный план,куда обратиться чтобы открыть индивидуальный пенсионный план,1
596,где лучше открыть индивидуальный пенсионный план,где лучше открыть индивидуальный пенсионный план,1
597,при помощи чего мне нужно открыть индивидуальный пенсионный план,при помощи чего мне нужно открыть индивидуальный пенсионный план,1
598,где в орле можно оформить индивидуальный пенсионный план,где в орле можно оформить индивидуальный пенсионный план,1
599,документы необходимые для открытия индивидуального пенсионного плана,документы необходимые для открытия индивидуального пенсионного плана,1
600,на какой срок можно открыть индивидуальный пенсионный план,на какой срок можно открыть индивидуальный пенсионный план,1
601,как открыть индивидуальный пенсионный план,как открыть индивидуальный пенсионный план,1
602,способом сносов инвестиционный пенсионный план,способом сносов инвестиционный пенсионный план,1
603,а что такое индивидуальный пенсионный план,а что такое индивидуальный пенсионный план,1
604,какие документы мне необходимо чтобы открыть индивидуальный пенсионный план,какие документы мне необходимо чтобы открыть индивидуальный пенсионный план,1
605,как рассчитать инвестиционный пенсионный план,как рассчитать инвестиционный пенсионный план,1
606,здравствуйте подскажите как открыть индивидуальный пенсионный план,здравствуйте подскажите как открыть индивидуальный пенсионный план,1
607,хочу открыть индивидуальный пенсионный план как это сделать,хочу открыть индивидуальный пенсионный план как это сделать,1
608,как открыть индивидуальный пенсионный план,как открыть индивидуальный пенсионный план,1
609,из чего состоит инвестиционный пенсионный план,из чего состоит инвестиционный пенсионный план,1
610,в каких компаниях лучше всего открывать индивидуальный пенсионный план,в каких компаниях лучше всего открывать индивидуальный пенсионный план,1
611,скажи мне ассистент индивидуальный пенсионный план,скажи мне ассистент индивидуальный пенсионный план,1
612,в каком отделении я бы мог открыть индивидуальный пенсионный план,в каком отделении я бы мог открыть индивидуальный пенсионный план,1
613,есть ли преимущество открытие индивидуального пенсионного плана в молодости,есть ли преимущество открытие индивидуального пенсионного плана в молодости,1
614,какие документы нужны для открытия индивидуального пенсионного плана,какие документы нужны для открытия индивидуального пенсионного плана,1
615,как открыть индивидуальный пенсионный план,как открыть индивидуальный пенсионный план,1
616,какие документы нужны при оформлении ипп,какие документы нужны при оформлении индивидуальныйпенсионный план,1
617,как открыть индивидуальный пенсионный план,как открыть индивидуальный пенсионный план,1
618,что нужно сделать для того чтобы открыть пенсионный план,что нужно сделать для того чтобы открыть пенсионный план,1
619,иди в пизду,иди в пизду,0
620,как я могу открыть индивидуальный пенсионный план,как я могу открыть индивидуальный пенсионный план,1
621,пошел в пизду,пошел в пизду,0
622,какие документы необходимы для того чтобы открыть свой индивидуальный пенсионный план,какие документы необходимы для того чтобы открыть свой индивидуальный пенсионный план,1
623,где получить информацию о том как открыть индивидуальный пенсионный план,где получить информацию о том как открыть индивидуальный пенсионный план,1
624,какие шаги при открытии,какие шаги при открытии,0
625,для чего нужен ибп,для чего нужен ибп,0
626,способы открытия индивидуального пенсионного плана,способы открытия индивидуального пенсионного плана,1
627,как узнать как открыть индивидуальный пенсионный план,как узнать как открыть индивидуальный пенсионный план,1
628,где в орле можно оформить индивидуальный пенсионный план,где в орле можно оформить индивидуальный пенсионный план,1
629,как открыть индивидуальный пенсионный план,как открыть индивидуальный пенсионный план,1
630,как открыть индивидуальный пенсионный план,как открыть индивидуальный пенсионный план,1
631,какие документы нужны чтобы открыть индивидуальный пенсионный план,какие документы нужны чтобы открыть индивидуальный пенсионный план,1
632,как открыть ип,как открыть ип,0
633,подскажи как открыть ипп,подскажи как открыть индивидуальныйпенсионный план,1
634,индивидуальный пенсионный план открыть,индивидуальный пенсионный план открыть,1
635,как открыть индивидуальный пенсионный план,как открыть индивидуальный пенсионный план,1
636,что нужно для того чтобы открыть индивидуальный пенсионный план,что нужно для того чтобы открыть индивидуальный пенсионный план,1
637,а если я приезжаю в казахстан там же тоже есть этот банк там я смогу,а если я приезжаю в казахстан там же тоже есть этот банк там я смогу,0
638,что входит в индивидуальный пенсионный план,что входит в индивидуальный пенсионный план,1
639,возможно ли открыть индивидуальный пенсионный план в режиме онлайн,возможно ли открыть индивидуальный пенсионный план в режиме онлайн,1
640,что нужно чтобы открыть индивидуальный пенсионный план,что нужно чтобы открыть индивидуальный пенсионный план,1
641,что нужно чтобы открыть индивидуальный пенсионный план,что нужно чтобы открыть индивидуальный пенсионный план,1
642,какова сумма первого взноса в индивидуальный пенсионный план для его открытия,какова сумма первого взноса в индивидуальный пенсионный план для его открытия,1
643,, ,0
644,в чем плюс индивидуальных пенсионных планов перед остальными вложениями,в чем плюс индивидуальных пенсионных планов перед остальными вложениями,1
645,какая организация занимается открытием индивидуального пенсионного плана,какая организация занимается открытием индивидуального пенсионного плана,1
646,какие документы нужны чтобы открыть индивидуальный пенсионный план,какие документы нужны чтобы открыть индивидуальный пенсионный план,1
647,как открыть индивидуальный пенсионный план в сбербанке,как открыть индивидуальный пенсионный план в сбербанке,1
648,по какому адресу обратиться в филиал чтобы открыть индивидуальный пенсионный план,по какому адресу обратиться в филиал чтобы открыть индивидуальный пенсионный план,1
649,условия открытия индивидуального пенсионного плана,условия открытия индивидуального пенсионного плана,1
650,какие документы нужны чтобы открыть индивидуальный пенсионный план,какие документы нужны чтобы открыть индивидуальный пенсионный план,1
651,как открыть индивидуальный пенсионный план,как открыть индивидуальный пенсионный план,1
652,какая должна быть пенсия чтобы открыть индивидуальный пенсионный план,какая должна быть пенсия чтобы открыть индивидуальный пенсионный план,1
653,где открыть индивидуальный пенсионный план уточни информацию,где открыть индивидуальный пенсионный план уточни информацию,1
654,как открыть индивидуальный пенсионный план,как открыть индивидуальный пенсионный план,1
655,какие документы нужны для открытия индивидуального пенсионного плана,какие документы нужны для открытия индивидуального пенсионного плана,1
656,куда нужно обратиться чтобы открыть ипп,куда нужно обратиться чтобы открыть индивидуальныйпенсионный план,1
657,на каком сервисе можно открыть индивидуальный пенсионный план,на каком сервисе можно открыть индивидуальный пенсионный план,1
658,хочу открыть индивидуальный пенсионный план как мне это сделать,хочу открыть индивидуальный пенсионный план как мне это сделать,1
659,с этого индивидуального пенсионного плана реально переводить деньги на универсальный вклад или на карту,с этого индивидуального пенсионного плана реально переводить деньги на универсальный вклад или на карту,1
660,что надо сделать для открытия индивидуального пенсионного плана,что надо сделать для открытия индивидуального пенсионного плана,1
661,как открыть индивидуальный пенсионный план,как открыть индивидуальный пенсионный план,1
662,на какой срок лучше открыть индивидуальный пенсионный план,на какой срок лучше открыть индивидуальный пенсионный план,1
663,сколько нужно внести чтобы начать копить индивидуальный пенсионный план,сколько нужно внести чтобы начать копить индивидуальный пенсионный план,1
664,хочу открыть индивидуальный пенсионный план к кому обратиться,хочу открыть индивидуальный пенсионный план к кому обратиться,1
665,как открыть индивидуальный пенсионный план,как открыть индивидуальный пенсионный план,1
666,что нужно сделать чтобы открыть индивидуальный пенсионный план,что нужно сделать чтобы открыть индивидуальный пенсионный план,1
667,как открыть индивидуальный пенсионный план,как открыть индивидуальный пенсионный план,1
668,как открыть индивидуальный пенсионный план удаленно,как открыть индивидуальный пенсионный план удаленно,1
669,какие есть отзывы о индивидуальном пенсионном плане,какие есть отзывы о индивидуальном пенсионном плане,1
670,как можно открыть индивидуальный пенсионный план,как можно открыть индивидуальный пенсионный план,1
671,выгодный индивидуальный пенсионный план,выгодный индивидуальный пенсионный план,1
672,какой банк поможет мне открыть индивидуальный пенсионный план,какой банк поможет мне открыть индивидуальный пенсионный план,1
673,в какой валюте можно открыть индивидуальный пенсионный план,в какой валюте можно открыть индивидуальный пенсионный план,1
674,получение индивидуального пенсионного плана,получение индивидуального пенсионного плана,1
675,как открыть индивидуальный пенсионный план,как открыть индивидуальный пенсионный план,1
676,добрый день я хочу открыть индивидуальный пенсионный план как мне это сделать подскажите пожалуйста,добрый день я хочу открыть индивидуальный пенсионный план как мне это сделать подскажите пожалуйста,1
677,как перевести зарплату на карту мир сбербанка,как перевести зарплату на карту мир сбербанка,0
678,сколько стоит открыть индивидуальный пенсионный план,сколько стоит открыть индивидуальный пенсионный план,1
679,какие инстанции я должна посетить для того чтобы открыть индивидуальный пенсионный план,какие инстанции я должна посетить для того чтобы открыть индивидуальный пенсионный план,1
680,в каком банке лучше открыть индивидуальный пенсионный план,в каком банке лучше открыть индивидуальный пенсионный план,1
681,здравствуйте расскажите пожалуйста как мне открыть индивидуальный пенсионный план,здравствуйте расскажите пожалуйста как мне открыть индивидуальный пенсионный план,1
682,как открыть индивидуальный пенсионный план,как открыть индивидуальный пенсионный план,1
683,как перевести деньги с карты мир на вебмани,как перевести деньги с карты мир на вебмани,0
684,куда мне обратиться чтобы открыть индивидуальный пенсионный план,куда мне обратиться чтобы открыть индивидуальный пенсионный план,1
685,индивидуальный пенсионный план что такое,индивидуальный пенсионный план что такое,1
686,что такое индивидуальный пенсионный план что он с собой представляет,что такое индивидуальный пенсионный план что он с собой представляет,1
687,в каких организациях сейчас можно открыть индивидуальный пенсионный план,в каких организациях сейчас можно открыть индивидуальный пенсионный план,1
688,оказать помощь в открытии индивидуального пенсионного плана,оказать помощь в открытии индивидуального пенсионного плана,1
689,где можно открыть индивидуальный пенсионный план,где можно открыть индивидуальный пенсионный план,1
690,нужен ли начальный взнос для открытия индивидуального пенсионного плана,нужен ли начальный взнос для открытия индивидуального пенсионного плана,1
691,стоит ли вообще открывать индивидуальный пенсионный план,стоит ли вообще открывать индивидуальный пенсионный план,1
692,здравствуйте я бы хотела открыть индивидуальный пенсионный план,здравствуйте я бы хотела открыть индивидуальный пенсионный план,1
693,найди как открыть индивидуальный пенсионный план,найди как открыть индивидуальный пенсионный план,1
694,как открыть индивидуальный пенсионный план,как открыть индивидуальный пенсионный план,1
695,как я могу открыть индивидуальный пенсионный план,как я могу открыть индивидуальный пенсионный план,1
696,как быстро в какой срок я могу открыть индивидуальный пенсионный план,как быстро в какой срок я могу открыть индивидуальный пенсионный план,1
697,какие документы потребуются для оформления,какие документы потребуются для оформления,0
698,индивидуальный пенсионный план где открыть,индивидуальный пенсионный план где открыть,1
699,, ,0
700,, ,0
701,как открыть индивидуальный пенсионный план,как открыть индивидуальный пенсионный план,1
702,, ,0
703,, ,0
704,, ,0
705,, ,0
706,, ,0
707,, ,0
708,, ,0
709,, ,0
710,, ,0
711,, ,0
712,, ,0
713,, ,0
714,, ,0
715,, ,0
716,, ,0
717,, ,0
718,, ,0
719,, ,0
720,, ,0
721,, ,0
722,, ,0
723,, ,0
724,, ,0
725,, ,0
726,, ,0
727,, ,0
728,, ,0
729,, ,0
730,, ,0
731,, ,0
732,, ,0
733,, ,0
734,, ,0
735,, ,0
736,, ,0
737,, ,0
738,, ,0
739,что мне нужно сделать чтобы открыть ип план,что мне нужно сделать чтобы открыть ип план,0
740,как открыть индивидуальный пенсионный план,как открыть индивидуальный пенсионный план,1
741,как правильно распределить свои расходы по индивидуальному пенсионному плану,как правильно распределить свои расходы по индивидуальному пенсионному плану,1
742,сколько можно накопить по индивидуальному пенсионному плану в течение пяти лет,сколько можно накопить по индивидуальному пенсионному плану в течение пяти лет,1
743,как можно быстро открыть индивидуальный пенсионный план,как можно быстро открыть индивидуальный пенсионный план,1
744,, ,0
745,, ,0
746,, ,0
747,, ,0
748,, ,0
749,, ,0
750,здравствуйте я бы хотела бы узнать по поводу индивидуального пенсионный план,здравствуйте я бы хотела бы узнать по поводу индивидуального пенсионный план,1
751,как долго ждать,как долго ждать,0
752,здравствуйте я бы хотела бы узнать о индивидуальной пенсионной план и ипп как это вообще куда можно обратиться по этому вопросу можно ли,здравствуйте я бы хотела бы узнать о индивидуальной пенсионной план и индивидуальныйпенсионный план как это вообще куда можно обратиться по этому вопросу можно ли,0
753,что нужно чтобы открыть инвестиционный пенсионный план,что нужно чтобы открыть инвестиционный пенсионный план,1
754,какие нужны документы для открытия индивидуального пенсионного плана,какие нужны документы для открытия индивидуального пенсионного плана,1
755,расскажи мне как мне открыть пенсионный индивидуальный план,расскажи мне как мне открыть пенсионный индивидуальный план,0
756,, ,0
757,, ,0
758,, ,0
759,, ,0
760,, ,0
761,, ,0
762,, ,0
763,, ,0
764,, ,0
765,, ,0
766,, ,0
767,, ,0
768,, ,0
769,, ,0
770,, ,0
771,, ,0
772,, ,0
773,, ,0
774,, ,0
775,как открыть индивидуальный пенсионный план,как открыть индивидуальный пенсионный план,1
776,куда обратиться чтобы открыть индивидуальный пенсионный план,куда обратиться чтобы открыть индивидуальный пенсионный план,1
777,условия открытия индивидуального пенсионного плана,условия открытия индивидуального пенсионного плана,1
778,как открыть индивидуальный пенсионный план,как открыть индивидуальный пенсионный план,1
779,как открыть индивидуальный пенсионный план,как открыть индивидуальный пенсионный план,1
780,подскажи мне как открыть индивидуальный пенсионный план,подскажи мне как открыть индивидуальный пенсионный план,1
781,индивидуальный пенсионный план не выходя из дома,индивидуальный пенсионный план не выходя из дома,1
782,алиса как мне открыть индивидуальный пенсионный план,алиса как мне открыть индивидуальный пенсионный план,1
783,алиса скажи как открыть апп,алиса скажи как открыть апп,0
784,как открыть ипп сегодня,как открыть индивидуальныйпенсионный план сегодня,1
785,как открыть,как открыть,0
786,договор сбербанка на открытие индивидуального пенсионного плана,договор сбербанка на открытие индивидуального пенсионного плана,1
787,куда инвестировать накопительную пенсию,куда инвестировать накопительную пенсию,0
788,какие необходимы документы для открытия индивидуального пенсионного плана,какие необходимы документы для открытия индивидуального пенсионного плана,1
789,хочу узнать как можно открыть индивидуальный пенсионный план,хочу узнать как можно открыть индивидуальный пенсионный план,1
790,как открыть индивидуальный пенсионный план,как открыть индивидуальный пенсионный план,1
791,индивидуальный пенсионный план как можно открыть,индивидуальный пенсионный план как можно открыть,1
792,алиса как открыть ипп,алиса как открыть индивидуальныйпенсионный план,1
793,как открыть индивидуальный пенсионный план,как открыть индивидуальный пенсионный план,1
794,алиса расскажи мне об индивидуальном пенсионном плане,алиса расскажи мне об индивидуальном пенсионном плане,1
795,хочу оформить индивидуальный пенсионный план как это сделать,хочу оформить индивидуальный пенсионный план как это сделать,1
796,что такое индивидуальный пенсионный план,что такое индивидуальный пенсионный план,1
797,как рассчитать сколько хотела бы получить пенсию,как рассчитать сколько хотела бы получить пенсию,0
798,что такое индивидуальный пенсионный план и как его открыть,что такое индивидуальный пенсионный план и как его открыть,1
799,какие бывают условия для открытия индивидуального пенсионного плана,какие бывают условия для открытия индивидуального пенсионного плана,1
800,что сделать чтобы открыть индивидуальный пенсионный план,что сделать чтобы открыть индивидуальный пенсионный план,1
801,открой мне индивидуальный пенсионный план,открой мне индивидуальный пенсионный план,1
802,открыть индивидуальный пенсионный план,открыть индивидуальный пенсионный план,1
803,какие документы нужны для открытия индивидуального пенсионного плана,какие документы нужны для открытия индивидуального пенсионного плана,1
804,как выгодно открыть индивидуальный пенсионный план онлайн,как выгодно открыть индивидуальный пенсионный план онлайн,1
805,как открыть индивидуальный пенсионный,как открыть индивидуальный пенсионный,0
806,я хочу открыть индидуальный пенсионный план,я хочу открыть индидуальный пенсионный план,1
807,открыть индивидуальный пенсионный план что для этого нужно,открыть индивидуальный пенсионный план что для этого нужно,1
808,алиса сколько минимум у меня денег должен положить на ипп,алиса сколько минимум у меня денег должен положить на индивидуальныйпенсионный план,1
809,как открыть ипп,как открыть индивидуальныйпенсионный план,1
810,существуют ли ограничения для открытия индивидуального пенсионного плана,существуют ли ограничения для открытия индивидуального пенсионного плана,1
811,привет,привет,0
812,могут ли быть добровольные взносы при открытии индивидуального пенсионного плана,могут ли быть добровольные взносы при открытии индивидуального пенсионного плана,1
813,что такое индивидуальный пенсионный план,что такое индивидуальный пенсионный план,1
814,какие документы нужны для этого,какие документы нужны для этого,0
815,сколько стоит открытие индивидуального пенсионного плана,сколько стоит открытие индивидуального пенсионного плана,1
816,какие документы необходимы для открытия для открытия индивидуального пенсионного плана,какие документы необходимы для открытия для открытия индивидуального пенсионного плана,1
817,алиса сколько я смогу заработать денег апп,алиса сколько я смогу заработать денег апп,0
818,где открыть индивидуальный пенсионный план,где открыть индивидуальный пенсионный план,1
819,что я получу если открою индивидуальный пенсионный план,что я получу если открою индивидуальный пенсионный план,1
820,для чего я должна открывать индивидуальный пенсионный план,для чего я должна открывать индивидуальный пенсионный план,1
821,с чего начать чтобы открыть свой индивидуальный пенсионный план,с чего начать чтобы открыть свой индивидуальный пенсионный план,1
822,что нужно для того чтобы открыть индивидуальный пенсионный план какие документы,что нужно для того чтобы открыть индивидуальный пенсионный план какие документы,1
823,можно ли открыть индивидуальный пенсионный план если еще не работаешь,можно ли открыть индивидуальный пенсионный план если еще не работаешь,1
824,алиса когда можно открыть индивидуальный пенсионный план,алиса когда можно открыть индивидуальный пенсионный план,1
825,какие документы нужны чтобы открыть индивидуальный пенсионный план,какие документы нужны чтобы открыть индивидуальный пенсионный план,1
826,где можно открыть индивидуальный пенсионный план,где можно открыть индивидуальный пенсионный план,1
827,какие нужны документы чтобы открыть индивидуальный пенсионный план,какие нужны документы чтобы открыть индивидуальный пенсионный план,1
828,как открыть ипп без трудовой,как открыть индивидуальныйпенсионный план без трудовой,1
829,где открывается индивидуальный пенсионный план,где открывается индивидуальный пенсионный план,1
830,в какой компании в моем городе я могу открыть индивидуальный пенсионный план,в какой компании в моем городе я могу открыть индивидуальный пенсионный план,1
831,вот говорят о том чтобы открыть индивидуальный пенсионный план,вот говорят о том чтобы открыть индивидуальный пенсионный план,1
832,как увеличить накопления любым способом пенсионную,как увеличить накопления любым способом пенсионную,0
833,могу ли я открыть индивидуальный пенсионный план в своем основном банке,могу ли я открыть индивидуальный пенсионный план в своем основном банке,1
834,какая доходность,какая доходность,0
835,можно ли открыть индивидуальный пенсионный план в тинькофф,можно ли открыть индивидуальный пенсионный план в тинькофф,1
836,как открыть индивидуальный пенсионный план,как открыть индивидуальный пенсионный план,1
837,в какие дни нужно вносить платежи,в какие дни нужно вносить платежи,0
838,сколько нужно внести чтобы начать,сколько нужно внести чтобы начать,0
839,сколько нужно внести чтобы начать копить,сколько нужно внести чтобы начать копить,0
840,с какого возраста можно открыть индивидуальный пенсионный план,с какого возраста можно открыть индивидуальный пенсионный план,1
841,кто может претендовать на мои накопления,кто может претендовать на мои накопления,0
842,в каких банках можно открыть индивидуальный пенсионный план,в каких банках можно открыть индивидуальный пенсионный план,1
843,как открывается индивидуальный пенсионный план,как открывается индивидуальный пенсионный план,1
844,где можно открыть индивидуальный пенсионный план,где можно открыть индивидуальный пенсионный план,1
845,какие документы нужны для того чтобы открыть индивидуальный пенсионный план,какие документы нужны для того чтобы открыть индивидуальный пенсионный план,1
846,обязательно надо быть пенсионером чтобы открыть индивидуальный пенсионный план,обязательно надо быть пенсионером чтобы открыть индивидуальный пенсионный план,1
847,какие документы нужны чтобы открыть индивидуальный пенсионный план,какие документы нужны чтобы открыть индивидуальный пенсионный план,1
848,что такое индивидуальный пенсионный план,что такое индивидуальный пенсионный план,1
849,и сколько сейчас должен быть по индивидуальным пенсионным планом,и сколько сейчас должен быть по индивидуальным пенсионным планом,1
850,как можно открыть ипп,как можно открыть индивидуальныйпенсионный план,1
851,зачем нужен индивидуальный пенсионный план,зачем нужен индивидуальный пенсионный план,1
852,как открыть индивидуальный инвестиционный план,как открыть индивидуальный инвестиционный план,0
853,как открыть индивидуальный пенсионный план,как открыть индивидуальный пенсионный план,1
854,какие документы нужны для открытия индивидуального пенсионного плана или app,какие документы нужны для открытия индивидуального пенсионного плана или ,1
855,кто может открыть ипп,кто может открыть индивидуальныйпенсионный план,1
856,в какой госструктуре можно узнать о том как открыть индивидуальный пенсионный план,в какой госструктуре можно узнать о том как открыть индивидуальный пенсионный план,1
857,как я могу открыть индивидуальный пенсионный план,как я могу открыть индивидуальный пенсионный план,1
858,как открыть индивидуальный инвестиционный план,как открыть индивидуальный инвестиционный план,0
859,можно ли снять деньги с индивидуального пенсионного плана,можно ли снять деньги с индивидуального пенсионного плана,1
860,способ расчета индивидуального пенсионного плана,способ расчета индивидуального пенсионного плана,1
861,какие документы нужны чтобы открыть ипп,какие документы нужны чтобы открыть индивидуальныйпенсионный план,1
862,индивидуальный плетеный план как можно его открыть,индивидуальный плетеный план как можно его открыть,0
863,что вы знаете о преимуществах индивидуально пенсионного плана,что вы знаете о преимуществах индивидуально пенсионного плана,1
864,что необходимо чтобы оформить индивидуальный пенсионный план,что необходимо чтобы оформить индивидуальный пенсионный план,1
865,каким способом можно открыть индивидуальный пенсионный план,каким способом можно открыть индивидуальный пенсионный план,1
866,где я могу открыть индивидуальный пенсионный план,где я могу открыть индивидуальный пенсионный план,1
867,привет открой лучший сайт который знает как открыть индивидуальный пенсионный план,привет открой лучший сайт который знает как открыть индивидуальный пенсионный план,1
868,какие нужны документы для открытия индивидуального пенсионного плана,какие нужны документы для открытия индивидуального пенсионного плана,1
869,где лучше открыть индивидуальный пенсионный план,где лучше открыть индивидуальный пенсионный план,1
870,как открыть индивидуальный пенсионный план,как открыть индивидуальный пенсионный план,1
871,открыть индивидуальный пенсионный план,открыть индивидуальный пенсионный план,1
872,чтобы открывать индивидуальную пенсионную плановом банке,чтобы открывать индивидуальную пенсионную плановом банке,1
873,необходима информация,необходима информация,0
874,как я могу открыть свой индивидуальный пенсионный план,как я могу открыть свой индивидуальный пенсионный план,1
875,алиса в каком банке,алиса в каком банке,0
876,подскажите как открыть индивидуальный пенсионный план,подскажите как открыть индивидуальный пенсионный план,1
877,как лучше всего открыть индивидуальный пенсионный план,как лучше всего открыть индивидуальный пенсионный план,1
878,как открыть индивидуальный пенсионный план,как открыть индивидуальный пенсионный план,1
879,какие условия я должна выполнить,какие условия я должна выполнить,0
880,как открыть индивидуальный пенсионный план,как открыть индивидуальный пенсионный план,1
881,как открыть индивидуальный пенсионный план,как открыть индивидуальный пенсионный план,1
882,салют я хотела бы открыть индивидуальный пенсионный план,салют я хотела бы открыть индивидуальный пенсионный план,1
883,здравствуйте у меня такой вопрос,здравствуйте у меня такой вопрос,0
884,что нужно чтобы открыть индивидуальный пенсионный план,что нужно чтобы открыть индивидуальный пенсионный план,1
885,что нужно для открытия индивидуального пенсионного плана,что нужно для открытия индивидуального пенсионного плана,1
886,при каких условиях можно открыть индивидуальный пенсионный план,при каких условиях можно открыть индивидуальный пенсионный план,1
887,как я могу открыть ипп,как я могу открыть индивидуальныйпенсионный план,1
888,чтобы открыть индивидуальный пенсионный план можно ли приходить в пенсионный фонд,чтобы открыть индивидуальный пенсионный план можно ли приходить в пенсионный фонд,1
889,расскажи как открыть индивидуальный пенсионный план,расскажи как открыть индивидуальный пенсионный план,1
890,что нужно для того чтобы открыть индивидуальный пенсионный план,что нужно для того чтобы открыть индивидуальный пенсионный план,1
891,где можно открыть индивидуальный пенсионный план,где можно открыть индивидуальный пенсионный план,1
892,что нужно для того чтобы открыть индивидуальный пенсионный план,что нужно для того чтобы открыть индивидуальный пенсионный план,1
893,что мне нужно чтобы открыть индивидуальный пенсионный план,что мне нужно чтобы открыть индивидуальный пенсионный план,1
894,в сбербанке можно открыть индивидуальный пенсионный план,в сбербанке можно открыть индивидуальный пенсионный план,1
895,какая выгода будет при открытии индивидуально пенсионного плана,какая выгода будет при открытии индивидуально пенсионного плана,1
896,какой пенсионный фонд лучше выбрать для открытия индивидуального пенсионного плана,какой пенсионный фонд лучше выбрать для открытия индивидуального пенсионного плана,1
897,алиса как самостоятельно можно открыть индивидуальный пенсионный план,алиса как самостоятельно можно открыть индивидуальный пенсионный план,1
898,какой минимальный период накопления при индивидуальном пенсионном пла,какой минимальный период накопления при индивидуальном пенсионном пла,0
899,алиса можно и через сайт госуслуг открыть индивидуальный пенсионный план,алиса можно и через сайт госуслуг открыть индивидуальный пенсионный план,1
900,хотел открыть по интернету индивидуальный пенсионный план можно ли так сделать,хотел открыть по интернету индивидуальный пенсионный план можно ли так сделать,1
901,сможешь мне рассказать что мне необходимо для того чтобы открыть ипп,сможешь мне рассказать что мне необходимо для того чтобы открыть индивидуальныйпенсионный план,1
902,мне необходимо открыть свой индивидуальный пенсионный план как это сделать,мне необходимо открыть свой индивидуальный пенсионный план как это сделать,1
903,как открыть индивидуальный пенсионный план,как открыть индивидуальный пенсионный план,1
904,индивидуальный пенсионный план способы его открыть,индивидуальный пенсионный план способы его открыть,1
905,какие документы нужны для открытия индивидуального пенсионного плана,какие документы нужны для открытия индивидуального пенсионного плана,1
906,я бы хотел узнать как я могу открыть индивидуальный пенсионный план,я бы хотел узнать как я могу открыть индивидуальный пенсионный план,1
907,как открыть индивидуальный пенсионный план,как открыть индивидуальный пенсионный план,1
908,как рассчитать первоначальный взнос при индивидуальном пенсионном плане,как рассчитать первоначальный взнос при индивидуальном пенсионном плане,1
909,что нужно для открытия индивидуального пенсионного плана,что нужно для открытия индивидуального пенсионного плана,1
910,сроки открытия индивидуального пенсионного плана в днях,сроки открытия индивидуального пенсионного плана в днях,1
911,скажите сотрудники банка втб могут мне помочь открыть индивидуальный пенсионный план,скажите сотрудники банка втб могут мне помочь открыть индивидуальный пенсионный план,1
912,хочу задать свой индивидуальный пенсионный план,хочу задать свой индивидуальный пенсионный план,1
913,можно ли как то удаленно открыть индивидуальный пенсионный план,можно ли как то удаленно открыть индивидуальный пенсионный план,1
914,можно ли удаленно открыть индивидуальный пенсионный план,можно ли удаленно открыть индивидуальный пенсионный план,1
915,как быстро открыть индивидуальный пенсионный план,как быстро открыть индивидуальный пенсионный план,1
916,что такое снег,что такое снег,0
917,здравствуйте у меня такой вопрос я хотел узнать о том как миндальном пенсионный план,здравствуйте у меня такой вопрос я хотел узнать о том как миндальном пенсионный план,1
918,здравствуйте у меня такой вопрос вы можете мне кратко и доходчиво объяснять о том что,здравствуйте у меня такой вопрос вы можете мне кратко и доходчиво объяснять о том что,0
919,апп как открыть его,апп как открыть его,0
920,я бы хотела воспользоваться программой индивидуального пенсионного плана как мне это сделать,я бы хотела воспользоваться программой индивидуального пенсионного плана как мне это сделать,1
921,какие документы нужны для того чтобы открыть индидуальный пенсионный план,какие документы нужны для того чтобы открыть индидуальный пенсионный план,1
922,алиса хочу открыть индивидуальный пенсионный план как это сделать,алиса хочу открыть индивидуальный пенсионный план как это сделать,1
923,как открыть индивидуальный пенсионный план,как открыть индивидуальный пенсионный план,1
924,как правильно открыть индивидуальный пенсионный план,как правильно открыть индивидуальный пенсионный план,1
925,как рассчитать свою будущую пенсию,как рассчитать свою будущую пенсию,0
926,индивидуальный пенсионный план как его открыть,индивидуальный пенсионный план как его открыть,1
927,что нужно для открытия индивидуального пенсионного плана,что нужно для открытия индивидуального пенсионного плана,1
928,подскажи как открыть индивидуальный пенсионный план,подскажи как открыть индивидуальный пенсионный план,1
929,как открыть индивидуальный пенсионный план,как открыть индивидуальный пенсионный план,1
930,нужно ли при открытии индивидуального пенсионного плана вносить какую то сумму,нужно ли при открытии индивидуального пенсионного плана вносить какую то сумму,1
931,как часто люди пользуются и открывает индивидуальный пенсионный план,как часто люди пользуются и открывает индивидуальный пенсионный план,1
932,можно ли открыть инвестиционные индивидуальный пенсионный план онлайн,можно ли открыть инвестиционные индивидуальный пенсионный план онлайн,1
933,ипп как открыть,индивидуальныйпенсионный план как открыть,1
934,где купить мужские носки,где купить мужские носки,0
935,на каком сайте я могу быстро открыть индивидуальный пенсионный план,на каком сайте я могу быстро открыть индивидуальный пенсионный план,1
936,помоги мне открыть индивидуальный пенсионный план,помоги мне открыть индивидуальный пенсионный план,1
937,долго ли открывать индивидуальный пенсионный план,долго ли открывать индивидуальный пенсионный план,1
938,выдается мне либо какой то договоритесь индивидуального пенсионного плана,выдается мне либо какой то договоритесь индивидуального пенсионного плана,1
939,как открыть индивидуальный пенсионный план,как открыть индивидуальный пенсионный план,1
940,выгодно ли открыть индивидуальный пенсионный план,выгодно ли открыть индивидуальный пенсионный план,1
941,какая доходность,какая доходность,0
942,как я могу открыть индивидуальный пенсионный план,как я могу открыть индивидуальный пенсионный план,1
943,где я могу открыть индивидуальный пенсионный план,где я могу открыть индивидуальный пенсионный план,1
944,чем мне может быть полезен индивидуальный пенсионный план,чем мне может быть полезен индивидуальный пенсионный план,1
945,алиса как открыть индивидуальный пенсионный план помоги пожалуйста,алиса как открыть индивидуальный пенсионный план помоги пожалуйста,1
946,где открыть и как,где открыть и как,0
947,куда обратиться для открытия индивидуального пенсионного плана,куда обратиться для открытия индивидуального пенсионного плана,1
948,как открыть индивидуальный пенсионный план,как открыть индивидуальный пенсионный план,1
949,где можно посмотреть сколько у меня уже накопилось денег,где можно посмотреть сколько у меня уже накопилось денег,0
950,алиса подскажи пожалуйста хочу открыть индивидуальный пенсионный план что для этого нужно,алиса подскажи пожалуйста хочу открыть индивидуальный пенсионный план что для этого нужно,1
951,как рассчитать индивидуальный пенсионный план,как рассчитать индивидуальный пенсионный план,1
952,каким образом можно открыть индивидуальный пенсионный план,каким образом можно открыть индивидуальный пенсионный план,1
953,какие необходимы документы чтобы открыть индивидуальный пенсионный план,какие необходимы документы чтобы открыть индивидуальный пенсионный план,1
954,сколько денег нужно чтобы открыть индивидуальный пенсионный план,сколько денег нужно чтобы открыть индивидуальный пенсионный план,1
955,как открыть индивидуальный пенсионный план,как открыть индивидуальный пенсионный план,1
956,какая периодичность оплаты дополнительных взносов при индивидуальном пенсионном плане,какая периодичность оплаты дополнительных взносов при индивидуальном пенсионном плане,1
957,как открыть индивидуальный пенсионный план,как открыть индивидуальный пенсионный план,1
958,какие документы нужны для оформления ипп,какие документы нужны для оформления индивидуальныйпенсионный план,1
959,как открыть индивидуальный пенсионный план быстро онлайн,как открыть индивидуальный пенсионный план быстро онлайн,1
960,привет как открыть индивидуальный пенсионный план,привет как открыть индивидуальный пенсионный план,1
961,преимущество индивидуального пенсионного плана,преимущество индивидуального пенсионного плана,1
962,открытие индивидуального пенсионного плана,открытие индивидуального пенсионного плана,1
963,после того как я соберу необходимые документы куда я должен обратиться чтобы оформить индивидуальный пенсионный план,после того как я соберу необходимые документы куда я должен обратиться чтобы оформить индивидуальный пенсионный план,1
964,если сбербанк закроется обанкротится что будет с моими деньгами,если сбербанк закроется обанкротится что будет с моими деньгами,0
965,какие организации занимаются открытием индивидуального пенсионного плана,какие организации занимаются открытием индивидуального пенсионного плана,1
966,что такое индивидуальный пенсионный план,что такое индивидуальный пенсионный план,1
967,хочу узнать о том как открыть индивидуальный пенсионный план,хочу узнать о том как открыть индивидуальный пенсионный план,1
968,со скольки лет гражданин российской федерации имеет право открыть индивидуальный пенсионный план,со скольки лет гражданин российской федерации имеет право открыть индивидуальный пенсионный план,1
969,покажи адрес ближайшей аптеки,покажи адрес ближайшей аптеки,0
970,помоги мне с открытием минимального пенсионного плана,помоги мне с открытием минимального пенсионного плана,1
971,привет расскажи мне подробно о том что нужно сделать чтобы открыть индивидуальный пенсионный план,привет расскажи мне подробно о том что нужно сделать чтобы открыть индивидуальный пенсионный план,1
972,что мне нужно сделать чтобы открыть индивидуальный пенсионный план,что мне нужно сделать чтобы открыть индивидуальный пенсионный план,1
973,выгодно ли открывать ипп,выгодно ли открывать индивидуальныйпенсионный план,1
974,какие есть способы открытия индивидуального пенсионного плана,какие есть способы открытия индивидуального пенсионного плана,1
975,стоит ли открывать индивидуальный пенсионный план отзывы рекомендации,стоит ли открывать индивидуальный пенсионный план отзывы рекомендации,1
976,здравствуй что нужно чтобы открыть индивидуальный пенсионный план,здравствуй что нужно чтобы открыть индивидуальный пенсионный план,1
977,индивидуальный пенсионный план как открыть хочу об этом все узнать,индивидуальный пенсионный план как открыть хочу об этом все узнать,1
978,как когда и где я могу открыть индивидуальный пенсионный план,как когда и где я могу открыть индивидуальный пенсионный план,1
979,хочу открыть индивидуальный пенсионный план,хочу открыть индивидуальный пенсионный план,1
980,что такое индивидуальный пенсионный план,что такое индивидуальный пенсионный план,1
981,здравствуйте скажите пожалуйста как открыть индивидуальный пенсионный план,здравствуйте скажите пожалуйста как открыть индивидуальный пенсионный план,1
982,откройте мне индивидуальный пенсионный план,откройте мне индивидуальный пенсионный план,1
983,как открыть индивидуальный пенсионный план,как открыть индивидуальный пенсионный план,1
984,скажи пожалуйста как мне открыть индивидуальный пенсионный план,скажи пожалуйста как мне открыть индивидуальный пенсионный план,1
985,как открыть индивидуальный пенсионный план,как открыть индивидуальный пенсионный план,1
986,сколько городов в россии,сколько городов в россии,0
987,сколько людей на планете земля,сколько людей на планете земля,0
988,хочу открыть свой индивидуальный пенсионный план,хочу открыть свой индивидуальный пенсионный план,1
989,сири открой пароли,сири открой пароли,0
990,расскажи как открыть индивидуальный пенсионный план,расскажи как открыть индивидуальный пенсионный план,1
991,какие условия открытия индивидуального пенсионного плана,какие условия открытия индивидуального пенсионного плана,1
992,какие есть особенности при открытии индивидуального пенсионного плана на что обратить внимание,какие есть особенности при открытии индивидуального пенсионного плана на что обратить внимание,1
993,документы необходимые для открытия индивидуального пенсионного плана,документы необходимые для открытия индивидуального пенсионного плана,1
994,какие документы необходимы для этого,какие документы необходимы для этого,0
995,площадь российской федерации,площадь российской федерации,0
996,кто занимается открытием индивидуального пенсионного плана,кто занимается открытием индивидуального пенсионного плана,1
997,какие преимущества индивидуального пенсионного плана,какие преимущества индивидуального пенсионного плана,1
998,что необходимо сделать для открытия индивидуального пенсионного плана,что необходимо сделать для открытия индивидуального пенсионного плана,1
999,сири что такое app,сири что такое ,0
1000,как мне открыть индивидуальный пенсионный план,как мне открыть индивидуальный пенсионный план,1
1001,добрый день подскажите пожалуйста как я могу открыть индивидуальный пенсионный план,добрый день подскажите пожалуйста как я могу открыть индивидуальный пенсионный план,1
1002,где можно оформить индивидуальный пенсионный план,где можно оформить индивидуальный пенсионный план,1
1003,сири как открыть индивидуальный пенсионный план,сири как открыть индивидуальный пенсионный план,1
1004,где можно открыть индивидуальный пенсионный план,где можно открыть индивидуальный пенсионный план,1
1005,со скольки лет можно открыть индивидуальный пенсионный план,со скольки лет можно открыть индивидуальный пенсионный план,1
1006,что вообще такое индивидуальный пенсионный план расскажи пожалуйста,что вообще такое индивидуальный пенсионный план расскажи пожалуйста,1
1007,как открыть индивидуальный пенсионный план,как открыть индивидуальный пенсионный план,1
1008,как открыть индивидуальный пенсионный план,как открыть индивидуальный пенсионный план,1
1009,для открытия индивидуального пенсионного плана что я должна сделать,для открытия индивидуального пенсионного плана что я должна сделать,1
1010,расскажи обо всех условиях индивидуального пенсионного плана,расскажи обо всех условиях индивидуального пенсионного плана,1
1011,как и где можно открыть иностранные,как и где можно открыть иностранные,0
1012,куда обратиться для открытия индивидуального пенсионного плана,куда обратиться для открытия индивидуального пенсионного плана,1
1013,сколько стоит открыть индивидуальный пенсионный план,сколько стоит открыть индивидуальный пенсионный план,1
1014,где можно заказать карточку альфа банка,где можно заказать карточку альфа банка,0
1015,я хотел бы открыть индивидуальный пенсионный план,я хотел бы открыть индивидуальный пенсионный план,1
1016,здравствуйте объясните пожалуйста в чем суть индивидуального пенсионного плана,здравствуйте объясните пожалуйста в чем суть индивидуального пенсионного плана,1
1017,какие документы нужны для открытия индивидуального пенсионного плана,какие документы нужны для открытия индивидуального пенсионного плана,1
1018,как открыть индивидуальный пенсионный план,как открыть индивидуальный пенсионный план,1
1019,найди пожалуйста информацию по открытию индивидуального пенсионного плана,найди пожалуйста информацию по открытию индивидуального пенсионного плана,1
1020,как научиться зарабатывать подростку,как научиться зарабатывать подростку,0
1021,как открыть индивидуальный пенсионный план,как открыть индивидуальный пенсионный план,1
1022,здравствуйте можете пожалуйста подсказать как открыть индивидуальный пенсионный план,здравствуйте можете пожалуйста подсказать как открыть индивидуальный пенсионный план,1
1023,какие документы нужны чтобы открыть индивидуальный пенсионный план,какие документы нужны чтобы открыть индивидуальный пенсионный план,1
1024,в каком городе открыть индивидуальный пенсионный план,в каком городе открыть индивидуальный пенсионный план,1
1025,как правильно открыть индивидуальный пенсионный план,как правильно открыть индивидуальный пенсионный план,1
1026,что необходимо для открытия индивидуального пенсионного плана,что необходимо для открытия индивидуального пенсионного плана,1
1027,как открыть визу карту подростку,как открыть визу карту подростку,0
1028,ассистент какие условия для открытия индивидуального пенсионного плана,ассистент какие условия для открытия индивидуального пенсионного плана,1
1029,какие документы нужны для открытия индивидуального пенсионного плана,какие документы нужны для открытия индивидуального пенсионного плана,1
1030,подскажи где я могу открыть в каком офисе инвестиционный пенсионный план,подскажи где я могу открыть в каком офисе инвестиционный пенсионный план,1
1031,что нужно для того чтобы открыть,что нужно для того чтобы открыть,0
1032,добрый день подскажите пожалуйста какие документы нужны для открытия индивидуального пенсионного плана,добрый день подскажите пожалуйста какие документы нужны для открытия индивидуального пенсионного плана,1
1033,по какому телефону можно позвонить чтобы уточнить всю информацию по индивидуальному пенсионному плану,по какому телефону можно позвонить чтобы уточнить всю информацию по индивидуальному пенсионному плану,1
1034,какие документы мне нужны чтобы открыть индивидуальный пенсионный план,какие документы мне нужны чтобы открыть индивидуальный пенсионный план,1
1035,как мне открыть индивидуальный пенсионный план,как мне открыть индивидуальный пенсионный план,1
1036,где открыть индивидуальный пенсионный план,где открыть индивидуальный пенсионный план,1
1037,пожалуйста подскажите как мне открыть индивидуальный пенсионный план,пожалуйста подскажите как мне открыть индивидуальный пенсионный план,1
1038,где как оформить индивидуальный пенсионный план,где как оформить индивидуальный пенсионный план,1
1039,подскажи где я могу узнать как мне открыть индивидуальный пенсионный план,подскажи где я могу узнать как мне открыть индивидуальный пенсионный план,1
1040,как открыть индивидуальный пенсионный план ипп,как открыть индивидуальный пенсионный план индивидуальныйпенсионный план,1
1041,, ,0
1042,ассистент я бы хотел возразить индивидуальную пенсионную планку подскажи как это сделать,ассистент я бы хотел возразить индивидуальную пенсионную планку подскажи как это сделать,0
1043,как можно открыть индивидуальный пенсионный план,как можно открыть индивидуальный пенсионный план,1
1044,что необходимо для открытия индивидуального пенсионного плана,что необходимо для открытия индивидуального пенсионного плана,1
1045,привет как открыть инвестиционный пенсионный план,привет как открыть инвестиционный пенсионный план,1
1046,как открыть индивидуальный пенсионный план не выходя из дома,как открыть индивидуальный пенсионный план не выходя из дома,1
1047,что нужно сделать чтобы открыть индивидуальный пенсионный план,что нужно сделать чтобы открыть индивидуальный пенсионный план,1
1048,что я могу сделать чтобы открыть инвестиционный пенсионный ван,что я могу сделать чтобы открыть инвестиционный пенсионный ван,0
1049,я хотел бы узнать всю информацию об открытии индивидуального пенсионного плана,я хотел бы узнать всю информацию об открытии индивидуального пенсионного плана,1
1050,я хотел бы узнать у вас как мне открыть интервальный пенсионный план,я хотел бы узнать у вас как мне открыть интервальный пенсионный план,1
1051,что такое индивидуальный пенсионный план,что такое индивидуальный пенсионный план,1
1052,какие документы нужны для открытия индивидуального пенсионного плана,какие документы нужны для открытия индивидуального пенсионного плана,1
1053,ассистент мне нужно через некоторое время открыть индивидуального persephone полно подскажи как это сделать и где,ассистент мне нужно через некоторое время открыть индивидуального полно подскажи как это сделать и где,0
1054,здравствуйте хотела бы открыть ипп можете пожалуйста дать мне информацию по поводу этого,здравствуйте хотела бы открыть индивидуальныйпенсионный план можете пожалуйста дать мне информацию по поводу этого,1
1055,здравствуйте я хотела бы открыть индивидуальный пенсионный план можете пожалуйста рассказать мне плюсы и как его открыть,здравствуйте я хотела бы открыть индивидуальный пенсионный план можете пожалуйста рассказать мне плюсы и как его открыть,1
